[{"id":"user-file-rdoZdrowia-Mapa2025.01.08.pdf","fileName":"rdoZdrowia-Mapa2025.01.08.pdf","name":"rdoZdrowia-Mapa2025.01.08","publicUrl":"np://user.desktop.nicepage.com/Site_114580032/files/rdoZdrowia-Mapa2025.01.08.pdf","size":115845},{"id":"user-file-rdoZdrowia-mapaplan2022.06.04.pdf","fileName":"rdoZdrowia-mapaplan2022.06.04.pdf","name":"rdoZdrowia-mapaplan2022.06.04","publicUrl":"np://user.desktop.nicepage.com/Site_114580032/files/rdoZdrowia-mapaplan2022.06.04.pdf","size":75317},{"id":"user-file-Listaopat2025r.pdf","fileName":"Listaopat2025r.pdf","name":"Listaopat2025r","publicUrl":"np://user.desktop.nicepage.com/Site_114580032/files/Listaopat2025r.pdf","size":103487},{"id":"user-file-Wzor_deklaracji_czlonkowskiej.docx","fileName":"Wzor_deklaracji_czlonkowskiej.docx","name":"Wzor_deklaracji_czlonkowskiej","publicUrl":"np://user.desktop.nicepage.com/Site_114580032/files/Wzor_deklaracji_czlonkowskiej.docx","size":172701},{"id":"user-file-Oswiadczenie-RODO_2025.pdf","fileName":"Oswiadczenie-RODO_2025.pdf","name":"Oswiadczenie-RODO_2025","publicUrl":"np://user.desktop.nicepage.com/Site_114580032/files/Oswiadczenie-RODO_2025.pdf","size":184213},{"id":"user-file-wzor_Podanie-do-ogrodw-dziakowych.docx","fileName":"wzor_Podanie-do-ogrodw-dziakowych.docx","name":"wzor_Podanie-do-ogrodw-dziakowych","publicUrl":"np://user.desktop.nicepage.com/Site_114580032/files/wzor_Podanie-do-ogrodw-dziakowych.docx","size":2949},{"id":"user-file-umowa-przeniesienia-prawa-do-dzialki.docx","fileName":"umowa-przeniesienia-prawa-do-dzialki.docx","name":"umowa-przeniesienia-prawa-do-dzialki","publicUrl":"np://user.desktop.nicepage.com/Site_114580032/files/umowa-przeniesienia-prawa-do-dzialki.docx","size":33397}]