[{"id":"user-image-7de3064dff71ef8115604081632bbaab63a220ddb5de866821d0e04ccffbb661c551831225190113ddb6e533a3a1e15f9abc73a52ce6a038c58600_1280.jpg","publicUrl":"np://user.desktop.nicepage.com/Site_114580032/images/7de3064dff71ef8115604081632bbaab63a220ddb5de866821d0e04ccffbb661c551831225190113ddb6e533a3a1e15f9abc73a52ce6a038c58600_1280.jpg","size":502094,"hash":"qbVuu1bcNxvK6uQi7LXZtYti8KA=","fileName":"7de3064dff71ef8115604081632bbaab63a220ddb5de866821d0e04ccffbb661c551831225190113ddb6e533a3a1e15f9abc73a52ce6a038c58600_1280.jpg","name":"7de3064dff71ef8115604081632bbaab63a220ddb5de866821d0e04ccffbb661c551831225190113ddb6e533a3a1e15f9abc73a52ce6a038c58600_1280","width":1280,"height":853,"thumbnail":{"url":"np://user.desktop.nicepage.com/Site_114580032/images/thumbnails/7de3064dff71ef8115604081632bbaab63a220ddb5de866821d0e04ccffbb661c551831225190113ddb6e533a3a1e15f9abc73a52ce6a038c58600_1280.jpg","width":250,"height":167},"folderId":null,"usages":["18955109"]},{"id":"user-image-Jak-przyspieszyc-kompostowanie-0-1170x780.jpg","publicUrl":"np://user.desktop.nicepage.com/Site_114580032/images/Jak-przyspieszyc-kompostowanie-0-1170x780.jpg","size":292586,"hash":"Cuz7aiVwouwY2oHphzvIQSz2Mnk=","fileName":"Jak-przyspieszyc-kompostowanie-0-1170x780.jpg","name":"Jak-przyspieszyc-kompostowanie-0-1170x780","width":1170,"height":780,"thumbnail":{"url":"np://user.desktop.nicepage.com/Site_114580032/images/thumbnails/Jak-przyspieszyc-kompostowanie-0-1170x780.jpg","width":250,"height":167},"folderId":null,"usages":["18955109"]},{"id":"user-image-9872434.png","publicUrl":"np://user.desktop.nicepage.com/Site_114580032/images/9872434.png","size":6916,"hash":"TksSkmDsquFtPSJaCbTFBM7y/L0=","fileName":"9872434.png","name":"9872434","width":128,"height":128,"thumbnail":{"url":"np://user.desktop.nicepage.com/Site_114580032/images/thumbnails/9872434.png","width":128,"height":128,"length":6916,"type":"png"},"folderId":null,"usages":["82574254","1564606929"]},{"id":"user-image-rdoZdrowia-mapaplan2022.06.04_1.png","publicUrl":"np://user.desktop.nicepage.com/Site_114580032/images/rdoZdrowia-mapaplan2022.06.04_1.png","size":1283944,"hash":"CEIqPsBFUxXJdPR3yG87cgDGbPE=","fileName":"rdoZdrowia-mapaplan2022.06.04_1.png","name":"rdoZdrowia-mapaplan2022.06.04_1","width":4967,"height":3508,"thumbnail":{"url":"np://user.desktop.nicepage.com/Site_114580032/images/thumbnails/rdoZdrowia-mapaplan2022.06.04_1.png","width":250,"height":177},"folderId":null,"usages":["269503478"]},{"id":"user-image-Logo_ogrodu-removebg-preview-removebg-preview.png","publicUrl":"np://user.desktop.nicepage.com/Site_114580032/images/Logo_ogrodu-removebg-preview-removebg-preview.png","size":81895,"hash":"OvpEON8MmcShPVEeX7ja7BMIMC0=","fileName":"Logo_ogrodu-removebg-preview-removebg-preview.png","name":"Logo_ogrodu-removebg-preview-removebg-preview","width":502,"height":496,"thumbnail":{"url":"np://user.desktop.nicepage.com/Site_114580032/images/thumbnails/Logo_ogrodu-removebg-preview-removebg-preview.png","width":250,"height":247},"folderId":null,"usages":[]},{"id":"user-image-326c9361a1d9f74c9c89ac3d6b7717dabc31edbd4581adefc2fd2a77bc9b6419d5df8c068394dbe042d945c489046fbfc9946797529cf60fb92a8c_1280.jpg","publicUrl":"np://user.desktop.nicepage.com/Site_114580032/images/326c9361a1d9f74c9c89ac3d6b7717dabc31edbd4581adefc2fd2a77bc9b6419d5df8c068394dbe042d945c489046fbfc9946797529cf60fb92a8c_1280.jpg","size":523100,"hash":"fKBHQXMnuXeFjj2cxY+8zU3vM40=","fileName":"326c9361a1d9f74c9c89ac3d6b7717dabc31edbd4581adefc2fd2a77bc9b6419d5df8c068394dbe042d945c489046fbfc9946797529cf60fb92a8c_1280.jpg","name":"326c9361a1d9f74c9c89ac3d6b7717dabc31edbd4581adefc2fd2a77bc9b6419d5df8c068394dbe042d945c489046fbfc9946797529cf60fb92a8c_1280","width":1280,"height":853,"thumbnail":{"url":"np://user.desktop.nicepage.com/Site_114580032/images/thumbnails/326c9361a1d9f74c9c89ac3d6b7717dabc31edbd4581adefc2fd2a77bc9b6419d5df8c068394dbe042d945c489046fbfc9946797529cf60fb92a8c_1280.jpg","width":250,"height":167},"folderId":null,"usages":["18955109"]}]