[{"id":23333923,"title":"Blog Template","order":1,"templateKey":"blog","customTemplate":false,"customTemplateFilename":null,"pageLinks":["18955109","6","5","4"],"dateCreated":"2025-05-18T16:25:15.366Z","dateUpdated":"2025-05-21T00:13:59.913Z","folderId":null,"pageName":"Blog Template","serverPageId":null,"sectionCount":1,"status":2,"backwardUrl":null},{"id":73178246,"title":"Post Template","order":2,"templateKey":"post","customTemplate":false,"customTemplateFilename":null,"pageLinks":["18955109"],"dateCreated":"2025-05-18T16:25:15.622Z","dateUpdated":"2025-05-23T17:26:00.439Z","folderId":null,"pageName":"Post Template","serverPageId":null,"sectionCount":1,"status":2,"backwardUrl":null},{"id":152082307,"title":"Product List Template","order":3,"templateKey":"products","customTemplate":false,"customTemplateFilename":null,"pageLinks":[],"dateCreated":"2025-05-18T16:25:15.798Z","dateUpdated":"2025-05-18T16:25:17.517Z","folderId":null,"pageName":"Product List Template","serverPageId":null,"sectionCount":1,"status":2,"backwardUrl":null},{"id":1566723452,"title":"Product Details Template","order":4,"templateKey":"product","customTemplate":false,"customTemplateFilename":null,"pageLinks":[],"dateCreated":"2025-05-18T16:25:16.024Z","dateUpdated":"2025-05-18T16:25:17.517Z","folderId":null,"pageName":"Product Details Template","serverPageId":null,"sectionCount":1,"status":2,"backwardUrl":null},{"id":229013298,"title":"Shopping Cart Template","order":5,"templateKey":"cart","customTemplate":false,"customTemplateFilename":null,"pageLinks":[],"dateCreated":"2025-05-18T16:25:16.215Z","dateUpdated":"2025-05-18T16:25:17.517Z","folderId":null,"pageName":"Shopping Cart Template","serverPageId":null,"sectionCount":1,"status":2,"backwardUrl":null},{"id":711621942,"title":"Checkout Template","order":6,"templateKey":"checkout","customTemplate":false,"customTemplateFilename":null,"pageLinks":[],"dateCreated":"2025-05-18T16:25:16.592Z","dateUpdated":"2025-05-18T16:25:17.517Z","folderId":null,"pageName":"Checkout Template","serverPageId":null,"sectionCount":1,"status":2,"backwardUrl":null},{"id":176013786,"title":"Login Template","order":7,"templateKey":"login","customTemplate":false,"customTemplateFilename":null,"pageLinks":[],"dateCreated":"2025-05-18T16:25:16.734Z","dateUpdated":"2025-05-18T16:25:17.517Z","folderId":null,"pageName":"Login Template","serverPageId":null,"sectionCount":1,"status":2,"backwardUrl":null},{"id":48952344,"title":"Search Page Template","order":8,"templateKey":"Search","customTemplate":false,"customTemplateFilename":null,"pageLinks":[],"dateCreated":"2025-05-18T16:25:16.835Z","dateUpdated":"2025-05-18T16:25:17.518Z","folderId":null,"pageName":"Search Page Template","serverPageId":null,"sectionCount":1,"status":2,"backwardUrl":null},{"id":40608189,"title":"Page Password Template","order":9,"templateKey":"password","customTemplate":false,"customTemplateFilename":null,"pageLinks":[],"dateCreated":"2025-05-18T16:25:16.947Z","dateUpdated":"2025-05-18T16:25:17.518Z","folderId":null,"pageName":"Page Password Template","serverPageId":null,"sectionCount":1,"status":2,"backwardUrl":null},{"id":51206434,"title":"404 Not Found Template","order":10,"templateKey":"404","customTemplate":false,"customTemplateFilename":null,"pageLinks":[],"dateCreated":"2025-05-18T16:25:17.035Z","dateUpdated":"2025-05-18T16:25:17.518Z","folderId":null,"pageName":"404 Not Found Template","serverPageId":null,"sectionCount":1,"status":2,"backwardUrl":null},{"id":204461337,"title":"Thank You Page Template","order":11,"templateKey":"ThankYou","customTemplate":false,"customTemplateFilename":null,"pageLinks":[],"dateCreated":"2025-05-18T16:25:17.106Z","dateUpdated":"2025-05-18T16:25:17.518Z","folderId":null,"pageName":"Thank You Page Template","serverPageId":null,"sectionCount":1,"status":2,"backwardUrl":null},{"id":18955109,"title":"Strona główna","order":50,"templateKey":null,"customTemplate":false,"customTemplateFilename":null,"pageLinks":["18955109"],"dateCreated":"2025-05-18T16:38:23.175Z","dateUpdated":"2025-05-30T16:54:46.331Z","folderId":null,"pageName":"Strona główna_18955109","serverPageId":null,"sectionCount":7,"status":2,"backwardUrl":null},{"id":534022297,"title":"O nas","order":100,"templateKey":null,"customTemplate":false,"customTemplateFilename":null,"pageLinks":["18955109"],"dateCreated":"2025-05-18T16:25:17.160Z","dateUpdated":"2025-05-24T12:02:25.911Z","folderId":null,"pageName":"O nas_534022297","serverPageId":null,"sectionCount":4,"status":2,"backwardUrl":null},{"id":243100054,"title":"Kontakt","order":102,"templateKey":null,"customTemplate":false,"customTemplateFilename":null,"pageLinks":["18955109"],"dateCreated":"2025-05-18T17:08:18.270Z","dateUpdated":"2025-05-23T19:36:19.687Z","folderId":null,"pageName":"Kontakt_243100054","serverPageId":null,"sectionCount":1,"status":2,"backwardUrl":null},{"id":9839823,"title":"Dyżury Zarządu","order":103,"templateKey":null,"customTemplate":false,"customTemplateFilename":null,"pageLinks":["18955109"],"dateCreated":"2025-05-18T17:46:16.330Z","dateUpdated":"2025-05-30T16:48:20.135Z","folderId":null,"pageName":"Dyżury Zarządu_9839823","serverPageId":null,"sectionCount":3,"status":2,"backwardUrl":null},{"id":1581310778,"title":"Do pobrania","order":104,"templateKey":null,"customTemplate":false,"customTemplateFilename":null,"pageLinks":["18955109"],"dateCreated":"2025-05-18T17:54:12.518Z","dateUpdated":"2025-05-24T12:09:32.919Z","folderId":null,"pageName":"Do pobrania_1581310778","serverPageId":null,"sectionCount":3,"status":2,"backwardUrl":null},{"id":1564606929,"title":"Opłaty ogrodowe","order":105,"templateKey":null,"customTemplate":false,"customTemplateFilename":null,"pageLinks":["18955109"],"dateCreated":"2025-05-18T17:57:56.409Z","dateUpdated":"2025-05-24T12:08:16.385Z","folderId":null,"pageName":"Opłaty ogrodowe_1564606929","serverPageId":null,"sectionCount":3,"status":2,"backwardUrl":null},{"id":269503478,"title":"Plan ogrodu","order":106,"templateKey":null,"customTemplate":false,"customTemplateFilename":null,"pageLinks":["18955109"],"dateCreated":"2025-05-18T18:25:33.501Z","dateUpdated":"2025-05-23T19:08:43.525Z","folderId":null,"pageName":"Plan ogrodu_269503478","serverPageId":null,"sectionCount":1,"status":2,"backwardUrl":null},{"id":808923929,"title":"Zarząd","order":107,"templateKey":null,"customTemplate":false,"customTemplateFilename":null,"pageLinks":["18955109"],"dateCreated":"2025-05-18T18:46:20.745Z","dateUpdated":"2025-05-30T16:54:01.836Z","folderId":null,"pageName":"Zarząd_808923929","serverPageId":null,"sectionCount":3,"status":2,"backwardUrl":null},{"id":82574254,"title":"Linki","order":108,"templateKey":null,"customTemplate":false,"customTemplateFilename":null,"pageLinks":["18955109"],"dateCreated":"2025-05-18T18:51:03.098Z","dateUpdated":"2025-05-30T16:49:24.698Z","folderId":null,"pageName":"Linki_82574254","serverPageId":null,"sectionCount":3,"status":2,"backwardUrl":null}]